gene,cluster,timepoint,log2FoldChange,padj,sig
JAK1,0,TP1M,-0.0629205119157951,0.6337818728448462,False
ODC1,0,TP1M,-0.0859997107838317,0.8342158919872207,False
IL6ST,0,TP1M,0.3315273129248611,0.0461625348836722,False
HINT1,0,TP1M,0.2166805916785663,0.0010975845414741,False
CD74,0,TP1M,-0.5914178234468804,3.209414551040149e-08,False
PIM1,0,TP1M,0.3418178283720317,0.0661924017645142,False
EIF3E,0,TP1M,0.2406950623365965,0.0002188936666511,False
UBC,0,TP1M,-0.073284651620574,0.7530583046735295,False
HMGB1,0,TP1M,0.1694174775605541,0.0389539923924324,False
PSME2,0,TP1M,-0.0911736762818649,0.6331658520370992,False
STAT3,0,TP1M,0.1784466899722515,0.252314848959539,False
SOCS3,0,TP1M,-0.2651473785687138,0.24492605017455,False
JAK1,2,TP1M,0.0422189093022765,0.8243690076212494,False
ODC1,2,TP1M,0.0606881204413275,0.8838398601894301,False
IL6ST,2,TP1M,0.3476245479333355,0.0152079677419489,False
HINT1,2,TP1M,0.2052620493822893,0.0103652099713006,False
CD74,2,TP1M,-0.6353947545501256,0.0001066488479711,False
PIM1,2,TP1M,0.4195897804580392,0.1336570268460748,False
EIF3E,2,TP1M,0.2172731082631993,0.0027504908875925,False
UBC,2,TP1M,0.0572047374958191,0.7918145275832714,False
HMGB1,2,TP1M,0.1433552239707143,0.050798136849252,False
PSME2,2,TP1M,-0.2616599085478536,0.1826861957962347,False
STAT3,2,TP1M,0.228362828262549,0.1279247720392896,False
SOCS3,2,TP1M,-0.2265362616694949,0.4708241403186453,False
JAK1,5,TP1M,-0.0273600377253269,0.8775975679243849,False
ODC1,5,TP1M,-0.1000938623083603,0.7033890167979757,False
IL6ST,5,TP1M,0.2552007998039222,0.1158562668236641,False
HINT1,5,TP1M,0.1783821275890589,0.0208231167081723,False
CD74,5,TP1M,-0.3760952171245919,0.0559490454494941,False
PIM1,5,TP1M,0.4514519888805816,0.0933199608919556,False
EIF3E,5,TP1M,0.1164481626597798,0.167142755752586,False
UBC,5,TP1M,-0.0604651670247223,0.6414383078368121,False
HMGB1,5,TP1M,0.1368107950478629,0.0686892160617008,False
PSME2,5,TP1M,-0.0992057872633412,0.6901886050577483,False
STAT3,5,TP1M,0.3156945723882461,0.0694556478026595,False
SOCS3,5,TP1M,-0.0797062599713601,0.842736488397265,False
JAK1,6,TP1M,-0.0297578120060593,0.8787375431648892,False
ODC1,6,TP1M,-0.2436306676230429,0.2883325928809888,False
IL6ST,6,TP1M,0.4127680363612593,0.0341064713651589,False
VCAN,6,TP1M,0.2395252157624244,0.3018065019793285,False
HINT1,6,TP1M,0.0846431855814293,0.6287067931770164,False
CD74,6,TP1M,-0.6350463491001209,9.286182063235031e-11,False
PIM1,6,TP1M,0.5809514564552809,0.0912071624834355,False
EIF3E,6,TP1M,0.1801030185337595,0.1848114976534823,False
UBC,6,TP1M,0.0073283202473197,0.978802738279977,False
HMGB1,6,TP1M,-0.01405000363504,0.9233869509725018,False
PSME2,6,TP1M,-0.7690052860174895,1.0841553671330711e-06,False
STAT3,6,TP1M,-0.0518807346756494,0.8301243422532513,False
SOCS3,6,TP1M,-0.0351552150260157,0.909957729629856,False
JAK1,7,TP1M,0.0271267998614401,0.923747574092672,False
ODC1,7,TP1M,-0.345692223707215,0.3119839314176694,False
IL6ST,7,TP1M,0.3056130531948557,0.2520983849186257,False
VCAN,7,TP1M,0.3451824833529521,0.0337699492331811,False
HINT1,7,TP1M,0.145570197624368,0.3489160812812943,False
CD74,7,TP1M,-0.7222702579006608,1.0211542032469257e-07,False
EIF3E,7,TP1M,0.2046258905598087,0.2782471944317751,False
UBC,7,TP1M,0.0349968966621424,0.8850350730552724,False
HMGB1,7,TP1M,0.0038243285661365,0.9841303684426752,False
PSME2,7,TP1M,-0.9556180368842688,0.001032494624731,False
STAT3,7,TP1M,-0.1650872080207716,0.4267630375751823,False
SOCS3,7,TP1M,0.6816823895211411,0.0888994309500629,False
JAK1,11,TP1M,-0.1512269260260644,0.535546225334103,False
ODC1,11,TP1M,-0.547624097362238,0.0517836406691008,False
IL6ST,11,TP1M,0.4579879448755469,,False
HINT1,11,TP1M,0.2068546705456938,0.3006994977028688,False
CD74,11,TP1M,-0.5146077503584879,0.0181633743366418,False
EIF3E,11,TP1M,0.1217687598498201,0.5338877499012118,False
UBC,11,TP1M,-0.198903413213653,0.2980670085318307,False
HMGB1,11,TP1M,0.4830566355004537,0.0455770636772119,False
PSME2,11,TP1M,0.1024350076946675,0.778872606972679,False
STAT3,11,TP1M,0.0440661550543083,0.9096174941811488,False
JAK1,0,TP2M,0.0237689454981378,0.8477103427807298,False
ODC1,0,TP2M,-0.1943803849848319,0.3816377583200606,False
IL6ST,0,TP2M,0.1235586722351092,0.5158191159521331,False
VCAN,0,TP2M,0.7316617304660652,0.0394844379561979,False
HINT1,0,TP2M,0.117208106067844,0.0690148988433422,False
CD74,0,TP2M,-0.4742086734536335,8.15907376046322e-06,False
PIM1,0,TP2M,0.2112968366457621,0.1916571506643002,False
EIF3E,0,TP2M,0.1737206847536277,0.0152225755222102,False
UBC,0,TP2M,-0.2983614512881671,0.0001077353360919,False
HMGB1,0,TP2M,0.1431065184832377,0.0732393474734887,False
PSME2,0,TP2M,-0.2223353557137188,0.1031043322742282,False
STAT3,0,TP2M,0.1436390099942516,0.3603737954413387,False
SOCS3,0,TP2M,-0.2930952081406726,0.1846209458755405,False
JAK1,2,TP2M,0.1420564176068433,0.0949694613548213,False
ODC1,2,TP2M,0.098453807434814,0.6370389604013318,False
IL6ST,2,TP2M,0.2100638407592786,0.1494284646319229,False
HINT1,2,TP2M,0.0523971135107259,0.6086827341715272,False
CD74,2,TP2M,-0.4878889882457378,0.0002615382387583,False
PIM1,2,TP2M,0.3603324068413713,0.0417453917060995,False
EIF3E,2,TP2M,-0.0016469246217858,0.9906689981677618,False
UBC,2,TP2M,-0.2015107558429114,0.0034070574890996,False
HMGB1,2,TP2M,0.0762315900059101,0.2932919812609806,False
PSME2,2,TP2M,-0.3803999904375336,0.0102569557148687,False
STAT3,2,TP2M,0.2579454277022528,0.0214723246956424,False
SOCS3,2,TP2M,0.045101296067823,0.9090266026473068,False
JAK1,5,TP2M,0.0574648670461244,0.661440934872995,False
ODC1,5,TP2M,-0.2139815946408254,0.139065425035473,False
IL6ST,5,TP2M,0.35708519090873,0.027081077293312,False
HINT1,5,TP2M,0.1080168661084916,0.2045632908092564,False
CD74,5,TP2M,-0.4605594205750593,0.0029786933367576,False
PIM1,5,TP2M,0.6558495155986386,0.0060467576485913,False
EIF3E,5,TP2M,0.0612085343654031,0.4430473520806838,False
UBC,5,TP2M,-0.3273335710313627,3.366285514284348e-06,False
HMGB1,5,TP2M,0.1231422042059814,0.1472949739062221,False
PSME2,5,TP2M,-0.3218881446888924,0.0381160191269444,False
STAT3,5,TP2M,0.4964402488042509,0.0001523787440931,False
SOCS3,5,TP2M,0.4073273211085335,0.1917941584436697,False
JAK1,6,TP2M,-0.0308557458363299,0.8706081427838056,False
ODC1,6,TP2M,0.014766830448015,0.964256858044882,False
IL6ST,6,TP2M,0.2461567698106829,0.2717461264079948,False
VCAN,6,TP2M,0.280107211988855,0.1795703786824515,False
HINT1,6,TP2M,-0.0080697908824582,0.9689890511789708,False
CD74,6,TP2M,-0.6804379472530376,6.357957934582839e-11,False
PIM1,6,TP2M,0.4001736853206872,0.2391276445834229,False
EIF3E,6,TP2M,0.1097182167996194,0.54610114652145,False
UBC,6,TP2M,-0.2531085130223078,0.0267776261532974,False
HMGB1,6,TP2M,0.0913537034835554,0.3644274777266134,False
PSME2,6,TP2M,-0.9060909282560278,1.3892626787419023e-09,False
STAT3,6,TP2M,-0.0326179560288645,0.9000027897853273,False
SOCS3,6,TP2M,-0.0974728278409831,0.7365699119042326,False
JAK1,7,TP2M,0.0728668690978337,0.7561672660508639,False
ODC1,7,TP2M,-0.4447944798365844,0.1219001367690718,False
IL6ST,7,TP2M,0.1587256738722037,0.6181785784484785,False
VCAN,7,TP2M,0.498068877761302,0.0011546181927161,False
HINT1,7,TP2M,0.0042515020936916,0.9857143036176078,False
CD74,7,TP2M,-0.8729898886063809,1.1034932818654626e-22,False
PIM1,7,TP2M,1.311878124510279,0.0009476559492414,True
EIF3E,7,TP2M,-0.0231890951830536,0.9316560074468077,False
UBC,7,TP2M,-0.1568549719373062,0.1923508716172969,False
HMGB1,7,TP2M,0.127411391150672,0.2787616751862938,False
PSME2,7,TP2M,-0.8975495069811076,9.832140995704894e-05,False
STAT3,7,TP2M,-0.1612661345540544,0.3881299543589351,False
SOCS3,7,TP2M,0.6395515255622518,0.1245585001005417,False
JAK1,11,TP2M,0.0661542955964495,0.7920550979117897,False
ODC1,11,TP2M,-0.4983529846638081,0.0518459202362286,False
IL6ST,11,TP2M,0.4131951219042791,,False
HINT1,11,TP2M,0.3418073641611435,0.015266906393758,False
CD74,11,TP2M,-0.627942754051379,0.0019718469269503,False
EIF3E,11,TP2M,0.1200963052617117,0.5332864361083449,False
UBC,11,TP2M,-0.4168798500577887,0.0002574430183776,False
HMGB1,11,TP2M,0.3472820637114043,0.0606200380089191,False
PSME2,11,TP2M,-0.2557039359785322,0.4457899595025634,False
STAT3,11,TP2M,0.1133807432577639,0.734274977760547,False
JAK1,0,TP3M,0.0101524088073313,0.9305147058866068,False
ODC1,0,TP3M,0.0348663719712277,0.8879179610732425,False
IL6ST,0,TP3M,-0.0492344430609145,0.8563643196428689,False
HINT1,0,TP3M,0.1807132187390945,0.0249199362181518,False
CD74,0,TP3M,-0.3093295465237065,0.0113862724306835,False
PIM1,0,TP3M,0.0401722983296526,0.870352647871824,False
EIF3E,0,TP3M,0.2455582980569144,0.0068012129539143,False
UBC,0,TP3M,-0.109412816429764,0.4216284701987785,False
HMGB1,0,TP3M,0.1538738108362716,0.0662115079196478,False
PSME2,0,TP3M,-0.094254402704989,0.6746436307809303,False
STAT3,0,TP3M,0.0208420639401622,0.9265715661594124,False
SOCS3,0,TP3M,-0.4195287214769288,0.0218210124293441,False
JAK1,2,TP3M,0.042659409471441,0.7665047682203369,False
ODC1,2,TP3M,0.1516745387894426,0.4344086203834587,False
IL6ST,2,TP3M,0.0263018223716589,0.9123746391537412,False
HINT1,2,TP3M,0.1767139319276204,0.0311786619377821,False
CD74,2,TP3M,-0.2599190095088446,0.1576571608329141,False
PIM1,2,TP3M,0.0205940745633245,0.9576764430699392,False
EIF3E,2,TP3M,0.0849326395864535,0.4806248872147927,False
UBC,2,TP3M,-0.0564889456414493,0.6704119562127306,False
HMGB1,2,TP3M,0.1292681365307823,0.0727308569032738,False
PSME2,2,TP3M,-0.3521611077482008,0.0531136655027291,False
STAT3,2,TP3M,0.0293347978669043,0.8846322671015358,False
SOCS3,2,TP3M,-0.3163015258902191,0.1163082797102562,False
JAK1,5,TP3M,0.101010524220081,0.4561311084474806,False
ODC1,5,TP3M,0.1101315067554837,0.608250053200326,False
IL6ST,5,TP3M,0.0076192807278139,0.97278683983416,False
HINT1,5,TP3M,0.1375008032271971,0.104658817188657,False
CD74,5,TP3M,-0.0811954580355706,0.7563230990941012,False
PIM1,5,TP3M,0.1271092323187839,0.7270302353648093,False
EIF3E,5,TP3M,0.1048765290318871,0.3219583962360743,False
UBC,5,TP3M,-0.1205638285133536,0.3216702763545271,False
HMGB1,5,TP3M,0.1174795757038564,0.2287053634739703,False
PSME2,5,TP3M,-0.1582961590098287,0.4218304795077129,False
STAT3,5,TP3M,0.1976333971351775,0.2479638415951966,False
SOCS3,5,TP3M,-0.2230228055618608,0.4552660170453623,False
JAK1,6,TP3M,-0.1496687110741243,0.4317735333484442,False
ODC1,6,TP3M,-0.1682603448156473,0.6059039997891053,False
IL6ST,6,TP3M,0.2253869459840327,,False
VCAN,6,TP3M,0.1516170912155382,0.5886514912550724,False
HINT1,6,TP3M,0.0088186190170989,0.9829165447512944,False
CD74,6,TP3M,-0.4510997234573283,0.0172358068892074,False
PIM1,6,TP3M,0.3407668101356793,,False
EIF3E,6,TP3M,0.1403960124793961,0.5583028764692958,False
UBC,6,TP3M,-0.0360232275252513,0.9028987437086592,False
HMGB1,6,TP3M,0.0739412145070169,0.6224772824408228,False
PSME2,6,TP3M,-0.5049946292030044,0.0488796991787329,False
STAT3,6,TP3M,-0.2073622027934645,0.4108968232321367,False
SOCS3,6,TP3M,-0.0063053423651094,0.9876065459815828,False
JAK1,7,TP3M,0.1186438620294651,0.7530896422947347,False
ODC1,7,TP3M,-0.1321910638420084,0.8420151594052011,False
IL6ST,7,TP3M,0.0289267638445782,0.96990285699554,False
VCAN,7,TP3M,0.218651651149542,0.5467581430983078,False
HINT1,7,TP3M,0.0612405799022758,0.8856264587487686,False
CD74,7,TP3M,-0.3298315976747079,0.4042897401144346,False
PIM1,7,TP3M,0.7969497343198718,0.1891920489800508,False
EIF3E,7,TP3M,0.1210445787402272,0.7923140320683996,False
UBC,7,TP3M,-0.1182706364996655,0.678766000077381,False
HMGB1,7,TP3M,0.0046263083145399,0.9919702088748064,False
PSME2,7,TP3M,-0.6100686510361677,0.163688728097399,False
STAT3,7,TP3M,-0.253488047639293,0.452206152594086,False
SOCS3,7,TP3M,0.4949232069533812,0.489943472456554,False
JAK1,11,TP3M,0.0846059132268958,0.8372737093304173,False
ODC1,11,TP3M,-0.0532303359409684,0.9391189508500516,False
HINT1,11,TP3M,0.2455834431333947,0.2320790733987781,False
CD74,11,TP3M,-0.3689725367878114,0.2050251090743235,False
EIF3E,11,TP3M,0.0764284001479864,0.8507004554118973,False
UBC,11,TP3M,-0.1423258508735224,0.4633522642445529,False
HMGB1,11,TP3M,0.1880847488961271,0.6109363323675674,False
PSME2,11,TP3M,-0.2766296909329917,0.4934537565791123,False
STAT3,11,TP3M,-0.0806104745519049,0.8907048239882168,False
JAK1,0,TP4M,-0.0320886044810048,0.848288008517097,False
ODC1,0,TP4M,0.3267160161316366,0.1834919322644129,False
IL6ST,0,TP4M,-0.028213190000349,0.9382891206204615,False
VCAN,0,TP4M,-0.3366471157062417,,False
HINT1,0,TP4M,0.0769722320199555,0.3687913329642913,False
CD74,0,TP4M,0.0310659496593107,0.9361835277053882,False
PIM1,0,TP4M,0.0627246730930204,0.8111087036752113,False
EIF3E,0,TP4M,0.1572104204273759,0.1755733034012714,False
UBC,0,TP4M,0.1588173283825581,0.2031945804668581,False
HMGB1,0,TP4M,0.0639417166714438,0.5714203110415759,False
PSME2,0,TP4M,0.0560853077261568,0.8454480711992821,False
STAT3,0,TP4M,-0.077275471016103,0.7225082442549927,False
SOCS3,0,TP4M,-0.303567039748007,0.2276684405098206,False
JAK1,2,TP4M,0.0058177533258658,0.9796941530753732,False
ODC1,2,TP4M,0.466928067620196,0.0045503858948128,False
IL6ST,2,TP4M,-0.1573425474590015,0.342661045490275,False
HINT1,2,TP4M,0.1274343771493654,0.0906874496343473,False
CD74,2,TP4M,-0.1811249931613675,0.4269344384344807,False
PIM1,2,TP4M,0.0718479454319519,0.8414817678500021,False
EIF3E,2,TP4M,0.0335753919012294,0.8759738962071593,False
UBC,2,TP4M,0.2119124902233363,0.0474996415486477,False
HMGB1,2,TP4M,0.0520967591949061,0.5960535728297733,False
PSME2,2,TP4M,-0.0856109821295561,0.7832523296694787,False
STAT3,2,TP4M,-0.0424632695018863,0.8417795852671358,False
SOCS3,2,TP4M,-0.1116573175805588,0.678315168161857,False
JAK1,5,TP4M,-0.0395843462440778,0.860395999414344,False
ODC1,5,TP4M,0.0711984258840741,0.814780855288237,False
IL6ST,5,TP4M,-0.3279344856612289,0.0486105582045782,False
HINT1,5,TP4M,0.0582098084219906,0.7130301772242438,False
CD74,5,TP4M,0.296488391833285,0.1842033013984782,False
PIM1,5,TP4M,0.6471579114306169,0.0099996644770354,False
EIF3E,5,TP4M,0.028887003547057,0.8841009496971901,False
UBC,5,TP4M,-0.0431905641726675,0.814780855288237,False
HMGB1,5,TP4M,0.0574574502649947,0.6219755587053707,False
PSME2,5,TP4M,0.1484365474889025,0.5576931017963703,False
STAT3,5,TP4M,0.1016078216737298,0.7514825613615732,False
SOCS3,5,TP4M,-0.0760349439449958,0.9064729071793918,False
JAK1,6,TP4M,-0.1898212533490675,0.3843400510140158,False
ODC1,6,TP4M,0.452427506958898,0.076059380332569,False
IL6ST,6,TP4M,0.2931420862056108,0.4203173478206202,False
VCAN,6,TP4M,-0.0719310485334584,0.8666953283081061,False
HINT1,6,TP4M,0.0685994655196166,0.760585665046815,False
CD74,6,TP4M,-0.3236872425895049,0.1200065505311091,False
PIM1,6,TP4M,0.2073987691021969,0.757981879934835,False
EIF3E,6,TP4M,-0.1460134953188871,0.627479899224581,False
UBC,6,TP4M,0.2117641992833546,0.2418751094823061,False
HMGB1,6,TP4M,0.0967084763281463,0.5447297177027048,False
PSME2,6,TP4M,-0.2596323368648413,0.5019929305961799,False
STAT3,6,TP4M,-0.1743937664205661,0.5803120071298198,False
SOCS3,6,TP4M,0.2915729404032641,0.5241218853440687,False
JAK1,7,TP4M,-0.0436272744734872,0.9138665346348136,False
ODC1,7,TP4M,-0.2526970970347191,0.6333031469424554,False
IL6ST,7,TP4M,0.1059003431182618,,False
VCAN,7,TP4M,0.0348372270499489,0.9457913236759192,False
HINT1,7,TP4M,0.1239521499102642,0.6812235153272906,False
CD74,7,TP4M,-0.1735073023731692,0.5872005651601434,False
EIF3E,7,TP4M,-0.0709457456198258,0.8589595244331873,False
UBC,7,TP4M,-0.1018269675389732,0.7065328458169196,False
HMGB1,7,TP4M,-0.0689000026897774,0.7387940552131963,False
PSME2,7,TP4M,-0.2831943422892168,0.6541797923706759,False
STAT3,7,TP4M,-0.2406437988881716,0.4011811156472964,False
SOCS3,7,TP4M,0.4369404612864668,0.5939368437643001,False
JAK1,11,TP4M,-0.091318735084256,0.7636700532677235,False
ODC1,11,TP4M,0.0966361150948224,0.8921738257575922,False
IL6ST,11,TP4M,0.2041368214394172,,False
HINT1,11,TP4M,0.1286504779047433,0.503850981764466,False
CD74,11,TP4M,-0.449473125652049,0.1078700024721021,False
EIF3E,11,TP4M,-0.0973553472196145,0.7553734594092394,False
UBC,11,TP4M,-6.560211078966473e-05,0.9993680407124456,False
HMGB1,11,TP4M,0.159781202414263,0.5741374626364968,False
PSME2,11,TP4M,-0.0274578230988332,0.9645937114023196,False
STAT3,11,TP4M,0.0025984008044166,0.9990451097831812,False
SOCS3,11,TP4M,-0.060515588751023,,False
