grouping,comparison,res1_cluster,res2_cluster,cluster_overlap_pct,sig_genes_res1,sig_genes_res2,conserved,lost,gained,conserved_pct_of_res1,direction_agreement_pct,conserved_genes,lost_genes,gained_genes
Harmony,ACS_vs_CCS,0,4,49.2,98,29,9,89,20,9.2,100.0,EIF4E;LMNA;MTRNR2L8;PHLDA1;PSME2;RPS4Y1;THBS1;TNFSF10;XIST,AC016831.5;AC016831.7;AL121603.2;ANPEP;AP001160.1;ARL4C;ATF7IP2;BCL11B;BCL2;CAMK2D;CAVIN2;CCDC71L;CCND2;CD2;CD3D;CD3E;CD3G;CD40;CD9;CLU;CXCL1;CXCL2;CXCL3;CXorf40A;EMP1;EPSTI1;ERAP2;ETS1;FAM102B;FOSL1;GBP1;GBP4;GBP5;GCLM;GNG11;GPR183;HLA-DQA2;HP;IFIT2;IGFLR1;IL1A;IL1R2;IL32;IL7R;IRGQ;KLF5;KLRB1;LBH;LHFPL2;LINC01678;LITAF;LUCAT1;MAF;MED17;MGAT4A;MLF1;MMD;MPND;MTHFD2L;MYC;NKG7;NRIP3;OSGIN2;PDE4D;PPBP;PRDM8;PTPN7;RBKS;RUNX3;SAV1;SERPINB2;SFMBT2;SKI;SLC38A1;SMAD7;SNAI1;SPOCK2;SYNE2;SYNJ2;TAP1;TEP1;TMEM50B;TRAC;TRBC1;TUBB1;TUBB2A;UBASH3B;ZFY;ZNF165,AKAP9;ATP13A3;ATXN1;BASP1;CD163;CXCL8;DDX3Y;DYRK1A;EREG;HEXIM1;HIST2H2AC;NCF1;NOP56;OSCAR;PSMB9;RUNX1;STAT1;SULT1A1;TENT5A;UBE2L6
Harmony,ACS_vs_CCS,1,2,59.2,11,7,4,7,3,36.4,100.0,HIST1H1D;MTRNR2L8;RPS26;RPS4Y1,DDX3Y;HIST1H1E;HIST1H4E;KLRB1;MAF;PRDM1;ZFY,BATF;CD8B;XIST
Harmony,ACS_vs_CCS,2,6,56.9,31,22,9,22,13,29.0,100.0,ABLIM1;AC058791.1;FKBP5;IGKC;MTRNR2L8;MYOM2;PTS;RGCC;XIST,AC016831.5;AC108863.1;BCL2L11;EGR1;GADD45G;GBP1;GPR183;HGS;IGHA1;IL7R;KIR2DL1;LAIR1;MLF1;MXI1;PDE3B;PTMS;SKI;SLC7A5;TESC;TTTY15;UTY;ZBTB21,EPSTI1;GALNT11;MAFF;PDE4D;PDLIM2;PLEKHA2;RALGAPA1;RGS1;RPF1;RYBP;S100A8;SAMSN1;SYTL3
Harmony,ACS_vs_CCS,3,8,47.6,17,11,3,14,8,17.6,100.0,GZMK;MTRNR2L8;XIST,ASCL2;CD8B;EPSTI1;FAM126A;GMNN;HLA-DRB5;IGKC;IL6ST;MAL;NELL2;SESN3;SLC12A2;UTY;ZSWIM6,CCL4L2;EIF1AY;FGFBP2;GZMB;METRNL;TYROBP;UBE2L6;USP36
Harmony,ACS_vs_CCS,4,3,59.9,4,4,3,1,1,75.0,100.0,HIST1H4C;IGKC;MTRNR2L8,XIST,DDX3Y
Harmony,ACS_vs_CCS,5,0,92.5,10,14,10,0,4,100.0,100.0,AC016831.5;AC058791.1;ATXN1;GPRIN3;HIST1H1D;KLRB1;MTHFD2;MTRNR2L8;RPS26;USP38,,HIST1H4E;JUNB;MAF;ZNF267
Harmony,ACS_vs_CCS,6,1,61.9,2,3,2,0,1,100.0,100.0,MTRNR2L8;RPS26,,HIST1H1D
Harmony,ACS_vs_CCS,7,7,99.9,51,51,51,0,0,100.0,100.0,ANXA2;BCL11B;CCL5;CD2;CD27;CD3D;CD3E;CD3G;CDCA7L;CREM;FABP5;FCER2;FKBP5;FYB1;GIMAP7;GNLY;GZMA;HCST;HIPK2;HIST1H1C;HIST1H1D;HLA-DQA2;ID2;IGHD;IGHM;IL32;IL4R;IL7R;ITGB1;LEPROTL1;LITAF;LMNA;METRNL;MTRNR2L8;NKG7;NOSIP;PAG1;PIM1;PPP2R5C;RASGRP1;RGCC;RORA;S100A4;SRGN;TCF7;TCL1A;TNFAIP3;TNFRSF1B;TRAC;TRBC1;XIST,,
Harmony,ACS_vs_CCS,8,13,99.8,31,62,25,6,37,80.6,100.0,AHR;BASP1;BCL2L11;CXCR4;DDX3Y;EIF4E;EPSTI1;EREG;ETS1;GBP1;GBP4;IL32;IL7R;IRS2;LDHB;LITAF;LMNA;MTRNR2L8;NAGK;RPS4Y1;SFMBT2;SLC2A3;STK17A;TRBC2;UBE2L6,CCL5;DDIT4;DYRK1A;GPBAR1;IFIT2;PELI1,AC245128.3;APOBEC3G;ARHGAP15;ARID5A;ARL4C;ATXN1;CCL3L1;CD151;CD3D;CD3E;CD3G;CD99;CHML;CXCL3;CXCL8;EMB;HLA-DQA2;IGF2R;KLRB1;MAPK6;PCNX1;PHLDA1;PPM1N;RNF125;SELL;SEMA4D;SLAMF7;SLC38A1;SRPK2;SUSD6;SYNE2;TCF7;TRAC;TRBC1;VCAN;XIST;ZBTB43
Harmony,ACS_vs_CCS,9,15,76.4,0,0,0,0,0,,,,,
Harmony,ACS_vs_CCS,10,16,99.8,5,5,5,0,0,100.0,100.0,AC020656.1;CXCL8;HLA-DQA2;TNFAIP3;ZNF331,,
Harmony,ACS_vs_CCS,11,19,100.0,0,0,0,0,0,,,,,
Harmony,ACS_vs_CCS,12,21,64.5,0,0,0,0,0,,,,,
Harmony,ACS_vs_CCS,13,23,100.0,0,0,0,0,0,,,,,
Harmony,ACS_vs_nonCCS,0,4,49.2,11,6,4,7,2,36.4,100.0,FKBP5;GBP1;PHC2;THBS1,CD9;FMN1;GBP4;IL7R;PDE4D;SMAD7;TEX14,JUN;MT-ATP8
Harmony,ACS_vs_nonCCS,1,2,59.2,3,2,1,2,1,33.3,100.0,MTRNR2L8,ID3;KLRB1,XIST
Harmony,ACS_vs_nonCCS,2,6,56.9,8,4,2,6,2,25.0,100.0,ISG20;SYTL3,DENND3;FKBP5;PDE3B;SH2D2A;SLA2;UTY,HAVCR2;IFNGR1
Harmony,ACS_vs_nonCCS,3,8,47.6,3,3,3,0,0,100.0,100.0,FKBP5;MTRNR2L8;SYTL3,,
Harmony,ACS_vs_nonCCS,4,3,59.9,2,2,2,0,0,100.0,100.0,HIST1H4C;MTRNR2L8,,
Harmony,ACS_vs_nonCCS,5,0,92.5,0,1,0,0,1,,,,,AC058791.1
Harmony,ACS_vs_nonCCS,6,1,61.9,0,1,0,0,1,,,,,HIST1H4C
Harmony,ACS_vs_nonCCS,7,7,99.9,1,1,1,0,0,100.0,100.0,HIST2H2AC,,
Harmony,ACS_vs_nonCCS,8,13,99.8,9,7,7,2,0,77.8,100.0,CKB;CXCR4;FKBP5;ISG20;LITAF;MTRNR2L8;RGCC,NEU1;PHC2,
Harmony,ACS_vs_nonCCS,9,15,76.4,7,24,1,6,23,14.3,100.0,GOLGB1,CXCL8;MTRNR2L8;PLCG2;RPS4Y1;TSPYL2;ZNF331,ABHD5;AC004687.1;BLOC1S6;GNL1;HCG18;HLA-DQA1;HLA-DQB1;JOSD1;KCNQ1OT1;KLRB1;LITAF;MGST1;MT-ATP8;MT-ND4L;NEU1;NR4A1;PURB;RAB31;RNASE6;SLC8A1;SPEN;WARS;ZNF791
Harmony,ACS_vs_nonCCS,10,16,99.8,7,3,3,4,0,42.9,100.0,CXCR4;EREG;MTRNR2L8,AREG;FKBP5;GOLGB1;MT-ATP8,
Harmony,ACS_vs_nonCCS,11,19,100.0,0,0,0,0,0,,,,,
Harmony,ACS_vs_nonCCS,12,21,64.5,0,0,0,0,0,,,,,
Harmony,ACS_vs_nonCCS,13,23,100.0,0,0,0,0,0,,,,,
Harmony,ACS_TP1M_vs_TP4M,0,4,49.2,66,48,25,41,23,37.9,100.0,CCL5;CLU;CYP1B1;DNAJB1;DUSP2;EIF4A3;FABP5;FKBP5;GNG11;HSPA1B;HSPE1;HSPH1;IGHA1;IGKC;IGLC2;IGLC3;LTB;LY6E;PF4;PHC2;PPBP;SAP30;THBS1;TUBB1;ZNF331,BX284668.5;CCL7;CD2;CD247;CD300LB;CD3D;CD3E;CSKMT;CST7;CTSW;DNAJA4;EGR3;ETS1;FMN1;GBP1;GP9;GPR160;GZMA;GZMM;HES4;HIST1H4C;HSPA1A;IFIT2;IFIT3;IL1R2;IL32;JCHAIN;LAT;LBH;PDK4;PRDM8;SLC38A1;SLC44A1;SOCS1;SPOCK2;SYNE2;TEX14;TRAC;TRBC1;TRBC2;ZNF165,CRISPLD2;DENND3;EGR1;ERGIC1;GADD45B;IFI44L;IFI6;IGHM;ISG15;KLF9;MRPL18;NEU1;OSM;RRAD;RRM2B;SEMA6B;SIPA1L1;SNHG12;SNHG25;SNHG9;SQLE;STX6;ZSCAN16-AS1
Harmony,ACS_TP1M_vs_TP4M,1,2,59.2,6,5,5,1,0,83.3,100.0,EIF4A3;IGHA1;IGKC;ODC1;TUBB4B,IGLC2,
Harmony,ACS_TP1M_vs_TP4M,2,6,56.9,28,18,13,15,5,46.4,100.0,CEMIP2;CMIP;FKBP5;GK5;IGHA1;IGKC;IGLC2;RNF115;SEC14L1;SH2D2A;SLA2;SUGP2;SYTL3,AUTS2;CARD11;CD3D;DTHD1;FAM129A;GZMK;HAVCR2;IGLC3;LTB;MPHOSPH9;PDE3B;S100A9;SNHG25;SORL1;TRAC,CD3E;CRIP1;OGT;S100A8;TERF1
Harmony,ACS_TP1M_vs_TP4M,3,8,47.6,12,10,7,5,3,58.3,100.0,FAM129A;FKBP5;IGHA1;IGKC;OASL;S100A9;SYTL3,CMIP;IFIT2;IGLC2;SH2D2A;SLA2,EIF4A3;FGFBP2;RGCC
Harmony,ACS_TP1M_vs_TP4M,4,3,59.9,5,4,4,1,0,80.0,100.0,CCL5;IGHA1;IGKC;IGLC2,EIF4A3,
Harmony,ACS_TP1M_vs_TP4M,5,0,92.5,8,8,6,2,2,75.0,100.0,EIF4A3;HIST1H4C;IGHA1;IGKC;UBE2S;ZNF331,IGLC2;JPT1,TUBB4B;TXNIP
Harmony,ACS_TP1M_vs_TP4M,6,1,61.9,5,6,5,0,1,100.0,100.0,DNAJA1;IGHA1;IGKC;IGLC2;SNHG25,,PRDM1
Harmony,ACS_TP1M_vs_TP4M,7,7,99.9,5,6,5,0,1,100.0,100.0,DNAJB1;HCST;S100A9;SNHG12;TUBB4B,,LYZ
Harmony,ACS_TP1M_vs_TP4M,8,13,99.8,7,7,5,2,2,71.4,100.0,EIF4A3;FKBP5;HSPA1A;HSPA1B;NEU1,CXCL2;LITAF,DUSP2;TNFSF10
Harmony,ACS_TP1M_vs_TP4M,9,15,76.4,8,10,1,7,9,12.5,100.0,TUBB4B,CCL4L2;DNAJB1;HSPA1A;HSPA1B;JCHAIN;PPBP;S100A8,ATP5ME;CYP1B1;EIF4A3;HIST1H4C;MTRNR2L8;NBEAL1;ODC1;THBS1;ZNF331
Harmony,ACS_TP1M_vs_TP4M,10,16,99.8,7,8,7,0,1,100.0,100.0,EIF4A3;IGHA1;IGKC;IGLC3;LY6E;S100A9;VCAN,,Z93241.1
Harmony,ACS_TP1M_vs_TP4M,11,19,100.0,0,0,0,0,0,,,,,
Harmony,ACS_TP1M_vs_TP4M,12,21,64.5,0,0,0,0,0,,,,,
Harmony,ACS_TP1M_vs_TP4M,13,23,100.0,0,0,0,0,0,,,,,
DRVI,ACS_vs_CCS,0,0,38.9,57,18,9,48,9,15.8,100.0,ABLIM1;AC058791.1;FKBP5;IGKC;MTRNR2L8;MYOM2;RGCC;RYBP;XIST,AC016831.5;AHR;ASCL2;BCL2L11;CAMK4;CCL4L2;CCR7;CD8B;EGR1;EPSTI1;FAM102A;FGFR1;FOXO1;GPR155;GPR183;HIST1H4E;HLA-DPB1;IL6ST;IL7R;INPP4B;JCHAIN;KIR2DL1;LAIR1;LGALS3;LINC00513;LTB;MAL;MXI1;PELI1;PELI2;PGM2L1;RCAN3;RGPD5;RHOC;RNF103;RNF165;SERINC5;SKI;SLC12A2;SLC7A5;SUN1;TCEAL4;TCF7;TTTY15;UTY;WHRN;YBX3;ZSWIM6,ANKRD28;AREG;PDE4D;PDLIM2;PLEKHA2;PTS;PYCARD;RPS4Y1;S100A9
DRVI,ACS_vs_CCS,1,5,40.3,6,2,2,4,0,33.3,100.0,IGKC;MTRNR2L8,HDGFL3;KRT1;RPS26;XIST,
DRVI,ACS_vs_CCS,2,6,52.2,92,41,21,71,20,22.8,100.0,AC245014.3;CD163;CXCL2;CXCL3;EMP1;FOXO3;GPR183;HLA-F;IFI30;IFITM3;JUN;LMNA;MT2A;MTRNR2L8;PSMB9;PSME2;RPS4Y1;RUNX1;THBS1;VAMP5;XIST,AC016831.1;AC016831.5;AP5B1;ATP13A3;ATXN1;BASP1;BCL11B;BCL2;C11orf21;CBR1;CCDC50;CD3D;CD3E;CD3G;CHML;CREM;CX3CR1;DNTTIP1;DYRK1A;EPSTI1;ERAP2;EREG;ETS1;FOLR3;FOSL1;GADD45A;GBP1;GBP2;GBP4;GNLY;HIST1H1D;HIST1H1E;HLA-DQA2;IL32;IL7R;LHFPL2;LINC00528;LTB;MGAT4A;MTHFD2L;MTMR6;MYC;MYSM1;NFE2;NKG7;OAS1;P2RY13;PDE4D;PDHB;PHLDA1;PIK3CA;PSMB10;PSMD14;RGCC;RNF5;RNF6;RTL8C;SAMD9L;SERINC5;SKI;SLC1A5;SULT1A1;TAP1;TBC1D2B;TCF7;THBD;TMEM50B;TNFSF10;TRBC1;TRBC2;ZNF331,AC007952.4;AC020656.1;AC020916.1;CREBRF;DDX3Y;ELF1;HLA-DPB1;IRF1;LITAF;NAGK;NDUFS7;PARP14;PLCG2;PLEKHO1;RAP2B;STAT1;TMEM107;TYMP;WARS;YWHAQ
DRVI,ACS_vs_CCS,3,7,50.6,3,4,2,1,2,66.7,100.0,HIST1H1D;MTRNR2L8,DENND4A,AC058791.1;RPS26
DRVI,ACS_vs_CCS,4,10,43.3,4,3,2,2,1,50.0,100.0,MTRNR2L8;RPS26,HIST1H1E;XIST,ARID5B
DRVI,ACS_vs_CCS,5,9,50.7,10,2,2,8,0,20.0,100.0,HIST1H4C;RPS26,AC016831.5;AC058791.1;CXCL8;DDX3Y;HIST1H1D;MTRNR2L8;RPS4Y1;XIST,
DRVI,ACS_vs_CCS,6,2,95.8,4,6,4,0,2,100.0,100.0,HIST1H1D;HIST1H1E;MTRNR2L8;RPS26,,AC058791.1;HIST1H4C
DRVI,ACS_vs_CCS,7,3,96.8,97,91,81,16,10,83.5,100.0,AC016831.5;AC058791.1;AREG;ARID5B;ARL4C;BCL11B;BCL2;CAMK2D;CCL20;CCND2;CD2;CD3D;CD3E;CD3G;CD69;CLCN3;CLEC2D;CXCL1;CXCL2;CXCR4;DBF4;DDX3Y;EPSTI1;ETS1;FKBP5;GBP1;GBP2;GPR183;GPRIN3;HLA-DMB;HLA-DPA1;HLA-DPB1;HLA-DQA2;IFIT2;IFITM3;IL32;IL7R;ISG15;JMY;KLRB1;LGALS2;MARCO;MGAT4A;NKG7;NR1D2;OAS1;P2RY8;PAG1;PCNX1;PDE3B;PDE4D;PIM1;PIM2;PLEKHO1;PSME2;PSME4;RASGRP1;RCAN3;RGCC;RGS1;RNF125;RORA;RUNX3;SKI;SLC38A1;SNAI1;SPOCK2;SSBP3;STAT1;STK17A;SYNE2;TAP1;TCF7;TENT5C;TMEM50B;TRAC;TRBC1;TSTD1;UTY;WARS;ZBTB10,AC020656.1;GBP4;GPBAR1;HLA-DQA1;KLF9;LMNA;LTB;LUCAT1;MAL;MTRNR2L8;PARP14;PIGA;PTX3;RHOH;SLC4A7;TRBC2,CXCL3;CXCL8;EREG;GBP5;HEBP1;LITAF;RALGAPA2;SATB1;SERPINB2;THBS1
DRVI,ACS_vs_CCS,8,4,96.8,6,3,2,4,1,33.3,100.0,METRNL;MTRNR2L8,IGKC;MAP3K8;TRDC;XIST,RPS4Y1
DRVI,ACS_vs_CCS,9,8,83.6,55,10,8,47,2,14.5,100.0,HIPK2;HIST1H1D;HLA-DQA2;IGHA1;IL4R;MTRNR2L8;RGS1;TCL1A,AAK1;ANXA2;BCL11B;CCL5;CD2;CD3D;CD3E;CD3G;CDCA7L;CREM;FABP5;FCER2;FYB1;GIMAP7;GNLY;GZMA;HCST;HIST1H1C;ID2;IGHD;IGHM;IL32;IL7R;ITGB1;JPT1;LEPROTL1;LITAF;LMNA;METRNL;NKG7;NOSIP;NR4A3;PAG1;PAWR;PPP2R5C;RASGRP1;RGCC;RNF125;RORA;S100A10;S100A4;SRGN;TCF7;TNFAIP3;TRAC;TRBC1;XIST,JCHAIN;RPS26
DRVI,ACS_vs_CCS,10,15,98.1,37,36,35,2,1,94.6,100.0,AC245128.3;AHR;ARL4C;B4GALT1;BASP1;CCL3L1;CCL5;CXCL3;CXCR4;DDIT4;DDX3Y;EIF4E;EPSTI1;EREG;GBP1;GBP4;GPBAR1;GPR183;IL32;IL7R;IRS2;LDHB;LITAF;LMNA;MTRNR2L8;NAGK;PPM1N;RPS4Y1;SEMA4D;SFMBT2;SLC2A3;STK17A;TOB2;UBE2L6;XIST,OAS1;XAF1,ETS1
DRVI,ACS_vs_CCS,11,17,94.8,3,1,1,2,0,33.3,100.0,RPS26,GPR183;MTRNR2L8,
DRVI,ACS_vs_CCS,12,23,99.3,4,4,4,0,0,100.0,100.0,AC020656.1;HLA-DQA2;TNFAIP3;ZNF331,,
DRVI,ACS_vs_CCS,13,25,99.6,0,0,0,0,0,,,,,
DRVI,ACS_vs_CCS,14,30,73.5,0,0,0,0,0,,,,,
DRVI,ACS_vs_CCS,15,28,98.1,0,0,0,0,0,,,,,
DRVI,ACS_vs_CCS,16,26,98.4,0,2,0,0,2,,,,,LTB;MTRNR2L8
DRVI,ACS_vs_CCS,17,31,100.0,0,0,0,0,0,,,,,
DRVI,ACS_vs_CCS,18,32,61.8,0,0,0,0,0,,,,,
DRVI,ACS_vs_nonCCS,0,0,38.9,5,4,2,3,2,40.0,100.0,ISG20;SYTL3,DENND3;FKBP5;SLA2,RNF115;SEC14L1
DRVI,ACS_vs_nonCCS,1,5,40.3,1,0,0,1,0,0.0,,,HIST1H4C,
DRVI,ACS_vs_nonCCS,2,6,52.2,7,5,4,3,1,57.1,100.0,FKBP5;GBP1;PHC2;TEX14,AL355075.4;IL7R;THBS1,MTRNR2L8
DRVI,ACS_vs_nonCCS,3,7,50.6,2,1,1,1,0,50.0,100.0,MTRNR2L8,HIST1H4C,
DRVI,ACS_vs_nonCCS,4,10,43.3,2,0,0,2,0,0.0,,,HLA-DRA;MTRNR2L8,
DRVI,ACS_vs_nonCCS,5,9,50.7,1,1,1,0,0,100.0,100.0,MTRNR2L8,,
DRVI,ACS_vs_nonCCS,6,2,95.8,1,1,1,0,0,100.0,100.0,MTRNR2L8,,
DRVI,ACS_vs_nonCCS,7,3,96.8,9,9,8,1,1,88.9,100.0,ADM;CD69;FKBP5;HLA-DQA1;IL32;IL7R;RGCC;SAP30,THBS1,TRBC2
DRVI,ACS_vs_nonCCS,8,4,96.8,2,2,2,0,0,100.0,100.0,FKBP5;MTRNR2L8,,
DRVI,ACS_vs_nonCCS,9,8,83.6,1,0,0,1,0,0.0,,,HIST2H2AC,
DRVI,ACS_vs_nonCCS,10,15,98.1,9,10,9,0,1,100.0,100.0,CKB;CXCR4;FKBP5;ISG20;KLF9;LITAF;MTRNR2L8;NEU1;PHC2,,RGCC
DRVI,ACS_vs_nonCCS,11,17,94.8,0,0,0,0,0,,,,,
DRVI,ACS_vs_nonCCS,12,23,99.3,6,4,3,3,1,50.0,100.0,AREG;FKBP5;MTRNR2L8,CXCL8;CXCR4;GOLGB1,LTB
DRVI,ACS_vs_nonCCS,13,25,99.6,0,0,0,0,0,,,,,
DRVI,ACS_vs_nonCCS,14,30,73.5,6,3,3,3,0,50.0,100.0,DDX3X;RPS4Y1;XIST,IGKC;KLF3;KLRB1,
DRVI,ACS_vs_nonCCS,15,28,98.1,0,4,0,0,4,,,,,MTRNR2L8;RPS4Y1;TXNIP;XIST
DRVI,ACS_vs_nonCCS,16,26,98.4,0,0,0,0,0,,,,,
DRVI,ACS_vs_nonCCS,17,31,100.0,0,0,0,0,0,,,,,
DRVI,ACS_vs_nonCCS,18,32,61.8,0,0,0,0,0,,,,,
DRVI,ACS_TP1M_vs_TP4M,0,0,38.9,26,6,4,22,2,15.4,100.0,CEMIP2;IGHA1;IGKC;SYTL3,ABHD2;AGPAT4;CD83;CMIP;DENND3;FKBP5;GK5;HAVCR2;IGHM;IGLC2;IGLC3;JCHAIN;OASL;PDE4A;PPBP;RAMP1;RGCC;SEC14L1;SH2D2A;SLA2;SNHG25;THEMIS2,RNF115;SORL1
DRVI,ACS_TP1M_vs_TP4M,1,5,40.3,4,3,2,2,1,50.0,100.0,IGHA1;IGKC,IGLC2;MARCKSL1,MTRNR2L12
DRVI,ACS_TP1M_vs_TP4M,2,6,52.2,62,33,23,39,10,37.1,100.0,AREG;CYP1B1;DNAJB1;DNAJB4;DUSP2;EGR3;EIF4A3;FKBP5;HIST1H4C;HSP90AA1;HSPE1;IGHA1;IGKC;IGLC2;IL32;KLF9;PHC2;SAP30;SLC44A1;TEX14;THBS1;TRBC1;TRBC2,BX284668.5;CAVIN2;CCL5;CD2;CLU;CSKMT;CST7;DENND3;DNAJC19;GNG11;GPR160;HSPH1;IFI44L;IFIT2;IGLC3;ISG15;JCHAIN;LACC1;LAT;LY6E;MRPL18;MX1;NEU1;OASL;PDE3B;PF4;PPBP;RECK;RRM2B;S100P;SEMA6B;SNHG12;SOCS1;STX6;TRAC;TUBB1;UBXN2B;ZNF331;ZNF593,CCL3L1;CCL4L2;DDIT3;EGR1;FABP5;HSPA1B;HSPA8;HSPD1;IGHM;ODC1
DRVI,ACS_TP1M_vs_TP4M,3,7,50.6,3,5,2,1,3,66.7,100.0,EIF4A3;IGKC,IGHA1,HIST1H4C;SNHG25;TUBB4B
DRVI,ACS_TP1M_vs_TP4M,4,10,43.3,6,6,4,2,2,66.7,100.0,EIF4A3;GADD45B;IGKC;TUBB4B,IGHA1;UBE2S,CITED2;MTRNR2L12
DRVI,ACS_TP1M_vs_TP4M,5,9,50.7,5,2,2,3,0,40.0,100.0,IGHA1;IGKC,H2AFX;TUBB4B;UBE2S,
DRVI,ACS_TP1M_vs_TP4M,6,2,95.8,6,5,5,1,0,83.3,100.0,EIF4A3;IGHA1;IGKC;MARCKSL1;RGCC,ODC1,
DRVI,ACS_TP1M_vs_TP4M,7,3,96.8,12,12,12,0,0,100.0,100.0,CCL5;DNAJB1;FKBP5;HIST1H4C;HSPA1A;HSPA1B;IGHA1;IGKC;PTPN6;RGCC;SAP30;THBS1,,
DRVI,ACS_TP1M_vs_TP4M,8,4,96.8,4,2,2,2,0,50.0,100.0,IGKC;S100A9,FKBP5;IGHA1,
DRVI,ACS_TP1M_vs_TP4M,9,8,83.6,3,5,2,1,3,66.7,100.0,DNAJB1;TUBB4B,S100A9,EIF4A3;RGCC;SNHG12
DRVI,ACS_TP1M_vs_TP4M,10,15,98.1,13,9,4,9,5,30.8,100.0,DUSP2;EIF4A3;HSPA1A;HSPA1B,CCL4;CKS2;EIF3J;ERGIC1;KLF9;MDM2;S100A9;SNHG25;TPP1,AC007952.4;FKBP5;MTRNR2L8;NEU1;TNFSF10
DRVI,ACS_TP1M_vs_TP4M,11,17,94.8,4,5,4,0,1,100.0,100.0,EIF4A3;ODC1;RGCC;UBE2S,,ZNF331
DRVI,ACS_TP1M_vs_TP4M,12,23,99.3,4,5,4,0,1,100.0,100.0,IGHA1;IGKC;IGLC3;LY6E,,EIF4A3
DRVI,ACS_TP1M_vs_TP4M,13,25,99.6,0,0,0,0,0,,,,,
DRVI,ACS_TP1M_vs_TP4M,14,30,73.5,0,0,0,0,0,,,,,
DRVI,ACS_TP1M_vs_TP4M,15,28,98.1,0,0,0,0,0,,,,,
DRVI,ACS_TP1M_vs_TP4M,16,26,98.4,0,0,0,0,0,,,,,
DRVI,ACS_TP1M_vs_TP4M,17,31,100.0,0,0,0,0,0,,,,,
DRVI,ACS_TP1M_vs_TP4M,18,32,61.8,0,0,0,0,0,,,,,
